date,time,open price,high price,low price,close price,volume,adjusted price
20140114,0,10.2,11.5,9.28,10.21,2163000,3.4
20140113,0,8.6,12.5,8.6,10.39,6231000,3.46
20140110,0,8.47,9.9,8.38,8.65,1592100,2.88
20140109,0,8.5,9.1,7.75,8.95,969000,2.98
20140108,0,8.72,9.15,7.6,8.43,2063400,2.81
20140107,0,5.8,9.37,5.8,9.35,4733700,3.12
20140106,0,5.05,5.91,4.81,5.7,1390500,1.9
20140103,0,4.4,4.89,4.35,4.88,636000,1.63
20140102,0,4.06,4.38,4.05,4.21,294000,1.4
20131231,0,3.95,4.1,3.91,3.98,240900,1.33
20131230,0,3.64,3.91,3.5,3.8,136800,1.27
20131227,0,3.6,3.78,3.43,3.68,134700,1.23
20131226,0,3.65,3.9,3.48,3.48,232500,1.16
20131224,0,3.55,3.91,3.53,3.56,169500,1.19
20131223,0,3.44,3.55,3.38,3.5,39600,1.17
20131220,0,3.46,3.6,3.38,3.38,89100,1.13
20131219,0,3.42,3.48,3.26,3.47,84600,1.16
20131218,0,3.3,3.54,3.19,3.3,92700,1.1
20131217,0,3.44,3.64,3.18,3.24,152400,1.08
20131216,0,3.41,3.47,3.2,3.39,43200,1.13
20131213,0,3.45,3.59,3.23,3.34,109800,1.11
20131212,0,3.56,3.63,3.4,3.41,117300,1.14
20131211,0,4,4.29,3.5,3.64,1560000,1.21
20131210,0,3.41,3.43,3.21,3.28,47700,1.09
20131209,0,3.48,3.6,3.25,3.32,34200,1.11
20131206,0,3.55,3.6,3.39,3.45,39000,1.15
20131205,0,3.76,3.76,3.44,3.49,110400,1.16
20131204,0,3.26,3.52,3.15,3.49,85800,1.16
20131203,0,3.37,3.47,3.15,3.24,99600,1.08
20131202,0,3.4,3.4,3.25,3.3,17700,1.1
20131129,0,3.23,3.46,3.23,3.4,31500,1.13
20131127,0,3.69,3.89,3.22,3.25,372600,1.08
20131126,0,3.05,3.68,3,3.67,1163100,1.22
20131125,0,2.96,3.05,2.93,2.93,11700,0.98
20131122,0,2.81,3.17,2.81,2.96,124800,0.99
20131121,0,2.9,2.9,2.84,2.84,28800,0.95
20131120,0,2.99,2.99,2.86,2.86,16500,0.95
20131119,0,2.91,3.04,2.9,2.96,25200,0.99
20131118,0,3,3.05,2.97,2.98,22500,0.99
20131115,0,3.17,3.24,3.01,3.03,39600,1.01
20131114,0,2.9,3.09,2.9,3.02,44100,1.01
20131113,0,3.03,3.22,2.86,2.99,156300,1
20131112,0,2.91,3.02,2.86,3.01,14700,1
20131111,0,2.89,2.98,2.88,2.98,4500,0.99
20131108,0,2.96,2.96,2.85,2.87,22500,0.96
20131107,0,2.95,2.95,2.85,2.85,44700,0.95
20131106,0,3.03,3.03,2.92,2.93,39900,0.98
20131105,0,2.99,3.14,2.96,3.01,7200,1
20131104,0,2.95,3.01,2.95,2.96,47100,0.99
20131101,0,3.14,3.14,3.05,3.05,1800,1.02
20131031,0,2.96,3.13,2.95,2.98,22200,0.99
20131030,0,2.99,3,2.96,2.97,13200,0.99
20131029,0,3.01,3.04,2.96,2.96,5100,0.99
20131028,0,3.15,3.15,2.95,2.96,30000,0.99
20131025,0,3.24,3.24,3.06,3.23,28500,1.08
20131024,0,3.13,3.33,3.06,3.19,115800,1.06
20131023,0,3.08,3.15,3.02,3.1,17700,1.03
20131022,0,3.07,3.12,3.05,3.05,27600,1.02
20131021,0,3.1,3.17,2.95,3.05,50700,1.02
20131018,0,3.05,3.32,3.05,3.09,96900,1.03
20131017,0,2.97,3.04,2.97,3.04,14700,1.01
20131016,0,3.09,3.09,2.9,2.99,95100,1
20131015,0,3.2,3.33,3.05,3.07,110700,1.02
20131014,0,2.97,3.1,2.92,3.05,20100,1.02
20131011,0,3.06,3.17,3.01,3.01,34500,1
20131010,0,2.88,3.05,2.88,2.98,41700,0.99
20131009,0,2.92,3.02,2.77,2.87,100500,0.96
20131008,0,3.21,3.3,2.96,3.06,89400,1.02
20131007,0,3.14,3.22,3.14,3.19,29100,1.06
20131004,0,3.25,3.3,3.14,3.2,100500,1.07
20131003,0,3.48,3.48,3.3,3.31,82500,1.1
20131002,0,3.42,3.49,3.38,3.44,55800,1.15
20131001,0,3.44,3.44,3.4,3.42,51600,1.14
20130930,0,3.4,3.5,3.4,3.44,100800,1.15
20130927,0,3.54,3.59,3.4,3.41,32400,1.14
20130926,0,3.5,3.6,3.43,3.52,107400,1.17
20130925,0,3.62,3.63,3.4,3.46,105900,1.15
20130924,0,3.58,3.82,3.49,3.63,138300,1.21
20130923,0,3.93,3.94,3.58,3.62,157200,1.21
20130920,0,4.36,4.36,3.81,3.93,390000,1.31
20130919,0,5.03,5.65,4.27,4.38,1540500,1.46
20130918,0,5.09,5.25,4.81,4.9,254400,1.63
20130917,0,5.03,5.16,4.8,5.03,99600,1.68
20130916,0,4.96,5.24,4.85,4.98,245700,1.66
20130913,0,5.03,5.45,4.84,4.94,386700,1.65
20130912,0,4.79,5.32,4.66,4.94,438600,1.65
20130911,0,4.84,5.1,4.74,4.81,138000,1.6
20130910,0,4.96,5.15,4.78,4.82,119700,1.61
20130909,0,5.25,5.4,4.57,4.97,600900,1.66
20130906,0,4.28,5.38,4.12,5.19,1264200,1.73
20130905,0,4.07,4.4,4.05,4.22,483900,1.41
20130904,0,4.1,4.82,3.93,4.07,1996500,1.36
20130903,0,3.4,3.4,3.18,3.32,56100,1.11
20130830,0,3.38,3.48,3.24,3.33,46200,1.11
20130829,0,3.2,3.52,3.17,3.4,124200,1.13
20130828,0,3.27,3.4,3.21,3.3,21000,1.1
20130827,0,3.24,3.49,3.21,3.3,42000,1.1
20130826,0,3.3,3.72,3.27,3.32,461700,1.11
20130823,0,3.17,3.39,3.15,3.26,135900,1.09
20130822,0,3.3,3.34,3.15,3.17,63900,1.06
20130821,0,3.24,3.42,3.15,3.35,37500,1.12
20130820,0,3.25,3.36,3.16,3.23,136500,1.08
20130819,0,3.55,3.55,3.16,3.27,202500,1.09
20130816,0,3.35,4.36,3.25,3.64,886500,1.21
20130815,0,3.17,3.45,3.16,3.42,83700,1.14
20130814,0,3.4,3.49,3.15,3.3,96300,1.1
20130813,0,3.29,3.84,3.16,3.44,817500,1.15
20130812,0,3.29,3.33,2.99,3.08,47700,1.03
20130809,0,3.09,3.26,3.09,3.15,12900,1.05
20130808,0,3.22,3.3,3.13,3.2,9600,1.07
20130807,0,3.03,3.4,3,3.27,62700,1.09
20130806,0,3.16,3.3,3.1,3.16,52200,1.05
20130805,0,3.4,3.5,2.82,3.1,402000,1.03
20130802,0,3.41,3.95,3.2,3.37,874200,1.12
20130801,0,2.54,3.39,2.42,3.17,751800,1.06
20130731,0,2.61,2.67,2.54,2.54,19500,0.85
20130730,0,2.64,2.71,2.61,2.65,10800,0.88
20130729,0,2.63,2.64,2.58,2.64,6300,0.88
20130726,0,2.63,2.63,2.47,2.58,17700,0.86
20130725,0,2.5,2.64,2.38,2.38,69000,0.79
20130724,0,2.48,2.48,2.46,2.48,25500,0.83
20130723,0,2.53,2.53,2.45,2.45,15900,0.82
20130722,0,2.51,2.55,2.51,2.52,8400,0.84
20130719,0,2.53,2.57,2.48,2.5,15900,0.83
20130718,0,2.57,2.57,2.53,2.54,6300,0.85
20130717,0,2.62,2.62,2.55,2.6,8100,0.87
20130716,0,2.59,2.72,2.59,2.6,8700,0.87
20130715,0,2.56,2.75,2.56,2.6,11700,0.87
20130712,0,2.68,2.76,2.64,2.67,4800,0.89
20130711,0,2.62,2.75,2.62,2.75,28500,0.92
20130710,0,2.48,2.74,2.48,2.65,45300,0.88
20130709,0,2.73,2.73,2.52,2.54,63300,0.85
20130708,0,2.76,2.81,2.59,2.64,86700,0.88
20130705,0,2.85,2.86,2.84,2.84,27600,0.95
20130703,0,2.8,2.86,2.8,2.86,8700,0.95
20130702,0,2.77,2.97,2.77,2.8,15300,0.93
20130701,0,2.72,2.97,2.72,2.72,39000,0.91
20130628,0,2.82,2.94,2.69,2.72,50100,0.91
20130627,0,2.99,2.99,2.8,2.8,87300,0.93
20130626,0,3.2,3.25,2.92,2.99,229800,1
20130625,0,2.79,3.04,2.79,2.94,136200,0.98
20130624,0,2.83,2.95,2.83,2.88,36600,0.96
20130621,0,2.95,3.13,2.83,2.83,95400,0.94
20130620,0,2.93,3.09,2.85,2.88,80400,0.96
20130619,0,2.99,3.08,2.9,2.93,51300,0.98
20130618,0,2.98,3.13,2.77,3,176400,1
20130617,0,2.7,3.39,2.68,3.07,671400,1.02
20130614,0,2.67,2.77,2.66,2.71,57600,0.9
20130613,0,2.54,2.7,2.54,2.69,1200,0.9
20130612,0,2.66,2.66,2.56,2.56,18000,0.85
20130611,0,2.68,2.68,2.55,2.63,56100,0.88
20130610,0,2.71,2.85,2.65,2.67,39900,0.89
20130607,0,2.61,2.69,2.6,2.68,20700,0.89
20130606,0,2.54,2.7,2.54,2.63,47100,0.88
20130605,0,2.85,2.85,2.52,2.6,108000,0.87
20130604,0,2.5,2.83,2.5,2.7,42300,0.9
20130603,0,2.64,2.87,2.51,2.51,97800,0.84
20130531,0,2.82,2.9,2.55,2.61,337500,0.87
20130530,0,3.05,3.05,2.9,2.9,39000,0.97
20130529,0,2.97,3.04,2.9,2.97,36000,0.99
20130528,0,3.06,3.11,2.91,3,72900,1
20130524,0,3.07,3.19,3.05,3.08,21600,1.03
20130523,0,3.2,3.45,3.04,3.19,71100,1.06
20130522,0,3.13,3.15,3.02,3.13,17400,1.04
20130521,0,3.1,3.2,3.05,3.16,52200,1.05
20130520,0,3.1,3.22,3,3.16,34800,1.05
20130517,0,3.07,3.1,3.05,3.05,12600,1.02
20130516,0,3.24,3.24,3.01,3.01,12300,1
20130515,0,3.17,3.25,3.05,3.05,119100,1.02
20130514,0,2.78,3.25,2.78,3.05,472200,1.02
20130513,0,2.87,2.94,2.81,2.83,39600,0.94
20130510,0,2.92,3.01,2.82,2.93,63600,0.98
20130509,0,2.96,3.03,2.9,2.97,85200,0.99
20130508,0,3.03,3.05,2.92,3.04,68100,1.01
20130507,0,3.04,3.04,3.02,3.02,13800,1.01
20130506,0,3.1,3.1,3.01,3.03,16200,1.01
20130503,0,3.03,3.1,3,3.06,26100,1.02
20130502,0,3.15,3.15,3,3.02,13800,1.01
20130501,0,3.03,3.19,3,3.15,51000,1.05
20130430,0,2.99,3.13,2.99,3,80100,1
20130429,0,3.05,3.12,2.92,2.99,179100,1
20130426,0,3.12,3.19,3.03,3.11,53400,1.04
20130425,0,3.2,3.22,3.01,3.15,73200,1.05
20130424,0,3.18,3.24,2.98,3.19,137700,1.06
20130423,0,3.29,3.72,3.09,3.15,797700,1.05
20130422,0,3.27,3.36,2.93,2.99,120600,1
20130419,0,2.8,3.55,2.8,3.13,619500,1.04
20130418,0,2.96,2.96,2.67,2.75,90300,0.92
20130417,0,3,3.02,3,3,28200,1
20130416,0,3.02,3.06,3,3,24600,1
20130415,0,3.16,3.16,3,3,68400,1
20130412,0,3,3.24,3,3.2,84600,1.07
20130411,0,3.05,3.24,3,3,61500,1
20130410,0,2.86,3.2,2.86,3.13,138000,1.04
20130409,0,3.08,3.08,2.84,2.87,46800,0.96
20130408,0,2.96,3.19,2.8,3.14,67200,1.05
20130405,0,3.11,3.14,2.9,3.02,133200,1.01
20130404,0,3.34,3.34,3.07,3.24,152100,1.08
20130403,0,3.49,3.55,3.2,3.29,245100,1.1
20130402,0,3.22,3.7,3.22,3.43,475200,1.14
20130401,0,3.71,3.71,3.08,3.22,641400,1.07
20130328,0,3.04,4.24,3.03,3.67,3270600,1.22
20130327,0,2.11,2.99,2.11,2.71,206100,0.9
20130326,0,2.1,2.25,2.08,2.15,165900,0.72
20130325,0,2.16,2.29,1.99,2.11,170100,0.7
20130322,0,2.17,2.35,1.97,2.12,382500,0.71
20130321,0,2.6,2.73,2.29,2.3,256500,0.77
20130320,0,3.02,3.02,2.51,2.57,136500,0.86
20130319,0,3.16,3.16,2.92,3.15,65100,1.05
20130318,0,3.08,3.16,3.08,3.11,6600,1.04
20130315,0,3.15,3.24,3.02,3.02,31200,1.01
20130314,0,3.19,3.33,3.1,3.12,61800,1.04
20130313,0,3.15,3.18,3.12,3.12,4200,1.04
20130312,0,3.23,3.29,3.15,3.15,34200,1.05
20130311,0,3.24,3.32,3.2,3.24,7200,1.08
20130308,0,3.11,3.27,3.11,3.2,33600,1.07
20130307,0,3.1,3.27,3.07,3.1,21600,1.03
20130306,0,3.01,3.34,3.01,3.07,102600,1.02
20130305,0,3.12,3.25,3,3,32400,1
20130304,0,3.07,3.19,3.07,3.11,84300,1.04
20130301,0,3.1,3.28,3.08,3.08,10200,1.03
20130228,0,3.14,3.2,3.12,3.12,6300,1.04
20130227,0,3.19,3.31,3.1,3.14,31200,1.05
20130226,0,3.13,3.33,3.13,3.2,4500,1.07
20130225,0,3.21,3.23,3.11,3.14,15600,1.05
20130222,0,3.35,3.35,3.16,3.16,39600,1.05
20130221,0,3.2,3.38,3.11,3.16,35400,1.05
20130220,0,3.15,3.45,3.12,3.17,54600,1.06
20130219,0,3.39,3.39,3.04,3.09,14400,1.03
20130215,0,3.3,3.3,3.19,3.22,28200,1.07
20130214,0,3.12,3.48,3.08,3.32,87300,1.11
20130213,0,3.22,3.22,3.02,3.15,8400,1.05
20130212,0,3.25,3.26,3.24,3.25,25200,1.08
20130211,0,3.27,3.28,3.15,3.15,9600,1.05
20130208,0,3.35,3.37,3.27,3.27,12000,1.09
20130207,0,3.41,3.41,3.3,3.3,4500,1.1
20130206,0,3.34,3.55,3.34,3.44,14700,1.15
20130205,0,3.47,3.47,3.4,3.4,6600,1.13
20130204,0,3.39,3.5,3.31,3.39,18000,1.13
20130201,0,3.36,3.5,3.31,3.36,16500,1.12
20130131,0,3.47,3.47,3.28,3.31,29100,1.1
20130130,0,3.29,3.5,3.28,3.47,30600,1.16
20130129,0,3.28,3.45,3.24,3.25,72300,1.08
20130128,0,3.52,3.52,3.4,3.4,31200,1.13
20130125,0,3.57,3.68,3.52,3.65,18900,1.22
20130124,0,3.58,3.63,3.52,3.57,50400,1.19
20130123,0,3.53,3.77,3.5,3.58,65400,1.19
20130122,0,3.6,3.74,3.52,3.55,74400,1.18
20130118,0,4.03,4.1,3.6,3.64,100800,1.21
20130117,0,3.65,4.23,3.53,4.1,39900,1.37
20130116,0,3.81,3.81,3.6,3.7,18900,1.23
20130115,0,3.96,3.97,3.88,3.88,12000,1.29
20130114,0,4.1,4.1,3.95,3.96,4800,1.32
20130111,0,4.04,4.17,3.73,3.73,63000,1.24
20130110,0,3.64,4.3,3.64,3.99,63000,1.33
20130109,0,3.71,3.71,3.64,3.64,12900,1.21
20130108,0,3.71,3.72,3.6,3.65,33600,1.22
20130107,0,3.91,3.94,3.6,3.62,37500,1.21
20130104,0,3.66,3.85,3.64,3.66,50700,1.22
20130103,0,3.9,4.06,3.6,3.78,65400,1.26
20130102,0,3.88,4.39,3.81,3.93,165000,1.31
20121231,0,3.75,4.09,3.6,3.8,105000,1.27
20121228,0,3.84,3.88,3.81,3.84,7200,1.28
20121227,0,3.81,3.95,3.74,3.87,62400,1.29
20121226,0,3.84,4.08,3.78,3.8,47700,1.27
20121224,0,3.85,3.89,3.76,3.8,22800,1.27
20121221,0,4.14,4.14,3.45,3.93,192300,1.31
20121220,0,4.16,4.25,4.1,4.17,124800,1.39
20121219,0,4.11,4.31,3.79,4.19,297300,1.4
20121218,0,5.06,5.06,3.98,4.07,524700,1.36
20121217,0,3.56,5.22,3.56,4.99,899400,1.66
20121214,0,3.62,3.66,3.46,3.55,9900,1.18
20121213,0,3.52,3.7,3.45,3.69,38700,1.23
20121212,0,3.69,3.69,3.43,3.54,43800,1.18
20121211,0,3.64,3.84,3.59,3.64,60600,1.21
20121210,0,3.35,3.67,3.23,3.65,52800,1.22
20121207,0,3.35,3.36,3.16,3.25,53400,1.08
20121206,0,3.2,3.35,3.15,3.23,33300,1.08
20121205,0,3.3,3.33,3.18,3.2,29400,1.07
20121204,0,3.28,3.61,3.22,3.3,50700,1.1
20121203,0,3.42,3.43,3.22,3.25,63300,1.08
20121130,0,3.5,3.64,3.47,3.47,43500,1.16
20121129,0,3.35,3.9,3.35,3.53,112800,1.18
20121128,0,3.39,3.39,3.23,3.35,18300,1.12
20121127,0,3.25,3.58,3.25,3.26,22200,1.09
20121126,0,3.26,3.26,3.18,3.19,8400,1.06
20121123,0,3.42,3.47,3.26,3.26,21900,1.09
20121121,0,2.98,3.65,2.89,3.41,196800,1.14
20121120,0,3.3,3.32,3.26,3.26,6000,1.09
20121119,0,3.34,3.43,3.23,3.33,6300,1.11
20121116,0,3.12,3.48,3,3.33,66000,1.11
20121115,0,3.27,3.27,3.11,3.15,12900,1.05
20121114,0,3.21,3.53,3.16,3.18,55500,1.06
20121113,0,3,3.29,3,3.2,48300,1.07
20121112,0,3.04,3.05,3.01,3.05,8400,1.02
20121109,0,3.08,3.1,3.04,3.04,18000,1.01
20121108,0,3.04,3.1,3.04,3.1,8700,1.03
20121107,0,3.31,3.35,3.1,3.1,20700,1.03
20121106,0,3.2,3.32,2.97,3.32,96300,1.11
20121105,0,3.35,3.42,3.18,3.18,23400,1.06
20121102,0,3.14,3.47,3.1,3.32,129300,1.11
20121101,0,3.64,3.71,3.01,3.1,168300,1.03
20121031,0,3.76,3.76,3.6,3.61,103200,1.2
20121026,0,3.8,3.8,3.7,3.76,12900,1.25
20121025,0,3.79,3.91,3.74,3.83,10800,1.28
20121024,0,3.88,4.22,3.73,3.87,90300,1.29
20121023,0,3.69,3.87,3.6,3.8,37200,1.27
20121022,0,3.71,3.82,3.63,3.65,35100,1.22
20121019,0,3.91,3.92,3.66,3.78,92100,1.26
20121018,0,4.1,4.1,3.89,3.94,134100,1.31
20121017,0,4.26,4.26,3.85,4.04,72000,1.35
20121016,0,4.03,4.3,4,4.28,119100,1.43
20121015,0,4.32,4.32,4.03,4.05,89400,1.35
20121012,0,4.18,4.34,4.12,4.28,40200,1.43
20121011,0,4.2,4.4,4.11,4.12,67500,1.37
20121010,0,4.2,4.48,4.15,4.15,72600,1.38
20121009,0,4.12,4.3,4.11,4.19,102300,1.4
20121008,0,4.31,4.42,3.95,4.12,219000,1.37
20121005,0,5.29,5.54,4.24,4.26,258300,1.42
20121004,0,5.52,5.52,5.16,5.27,42000,1.76
20121003,0,5,5.49,4.98,5.34,95100,1.78
20121002,0,4.92,5.1,4.82,4.9,28200,1.63
20121001,0,5.16,5.26,4.8,4.86,79200,1.62
20120928,0,5.1,5.3,5.08,5.17,122700,1.72
20120927,0,5.32,5.41,5.09,5.1,119700,1.7
20120926,0,5.57,5.78,5.33,5.49,88500,1.83
20120925,0,6.14,6.14,5.27,5.62,143100,1.87
20120924,0,6.01,6.01,5.63,5.86,93000,1.95
20120921,0,6.61,7.06,5.9,6.06,602400,2.02
20120920,0,5.44,6.85,5.42,6.62,1529100,2.21
20120919,0,4.77,5.67,4.77,5.36,575400,1.79
20120918,0,5,5,4.67,4.67,37800,1.56
20120917,0,5.17,5.17,4.81,5.07,102000,1.69
20120914,0,5.2,5.49,4.86,5.09,215700,1.7
20120913,0,4.5,5.5,4.5,5.1,713100,1.7
20120912,0,3.85,4.45,3.85,4.35,116400,1.45
20120911,0,3.59,4.07,3.57,3.8,139500,1.27
20120910,0,3.78,3.95,3.44,3.52,114300,1.17
20120907,0,4,4.07,3.38,3.77,240900,1.26
20120906,0,4.44,4.44,4,4.03,117600,1.34
20120905,0,4.66,4.7,4.38,4.5,129300,1.5
20120904,0,4.72,5.02,4.36,4.49,100500,1.5
20120831,0,5.01,5.1,4.58,4.71,89100,1.57
20120830,0,5.13,5.21,4.99,5.02,28200,1.67
20120829,0,5.13,5.25,4.91,5.13,68700,1.71
20120828,0,5.1,5.15,5.01,5.07,42600,1.69
20120827,0,5.3,5.44,5,5.05,119700,1.68
20120824,0,5.14,5.82,4.89,5.3,820200,1.77
20120823,0,5.11,5.29,4.95,5.08,76800,1.69
20120822,0,5.01,5.01,4.86,4.93,19800,1.64
20120821,0,5,5.19,4.85,4.96,106800,1.65
20120820,0,5.11,5.3,4.82,5.04,114900,1.68
20120817,0,5.6,5.71,5.12,5.12,91200,1.71
20120816,0,4.91,5.75,4.75,5.6,180000,1.87
20120815,0,4.9,5.45,4.8,4.89,267900,1.63
20120814,0,6.5,6.5,4.88,4.93,272700,1.64
20120813,0,7.35,7.35,6.14,6.2,77700,2.07
20120810,0,7.9,7.9,6.81,6.88,66300,2.29
20120809,0,7.68,7.93,7.37,7.46,72000,2.49
20120808,0,7.88,7.88,7.51,7.63,20700,2.54
20120807,0,8.01,8.5,7.7,7.86,115800,2.62
20120806,0,7.32,8.22,7.3,7.98,122400,2.66
20120803,0,7.43,7.86,7.43,7.78,44400,2.59
20120802,0,7.65,7.89,7.3,7.3,42600,2.43
20120801,0,7.53,7.9,7.3,7.59,30000,2.53
20120731,0,8.07,8.07,7.35,7.35,78600,2.45
20120730,0,7.78,8.37,7.7,7.8,110700,2.6
20120727,0,7.58,7.95,7.3,7.78,76800,2.59
20120726,0,8.52,8.52,7.2,7.58,142800,2.53
20120725,0,8.39,9.23,8.12,8.3,402900,2.77
20120724,0,8.15,8.3,7.89,8.26,152700,2.75
20120723,0,8.64,8.64,8.22,8.3,165900,2.77
20120720,0,8.74,8.94,8.47,8.67,89400,2.89
20120719,0,9.16,9.3,8.53,8.75,177300,2.92
20120718,0,9.81,9.81,8.95,9.15,377100,3.05
20120717,0,11.42,11.42,9.31,9.89,308100,3.3
20120716,0,10.61,13.14,10.6,10.8,710100,3.6
20120713,0,10.99,11,10.26,10.4,121800,3.47
20120712,0,11.48,11.9,10.25,10.8,207600,3.6
20120711,0,12,12,11.14,11.47,153000,3.82
20120710,0,14.9,15.25,12.27,12.27,171600,4.09
20120709,0,14.51,15.79,14.5,14.5,111000,4.83
20120706,0,15.39,16,14.28,15,113700,5
20120705,0,15.35,18.58,14.11,15.35,895800,5.12
20120703,0,12.03,15.93,11.55,15.34,610800,5.11
20120702,0,11.78,12.35,10.67,11.73,300300,3.91
20120629,0,13,13.57,11.07,11.96,787200,3.99
20120628,0,11.98,15.57,11.25,12.86,2008200,4.29
20120627,0,10,11.45,8,11.01,1455600,3.67
20120626,0,8.05,9.4,8.05,9.34,788700,3.11
20120625,0,9.09,9.1,7.7,8,367200,2.67
20120622,0,7.24,9.21,7.24,8.5,698700,2.83
20120621,0,7.36,7.36,6.51,7.13,186900,2.38
20120620,0,6.64,7.67,6.1,6.97,652800,2.32
20120619,0,5.67,6.39,5.67,6.13,256800,2.04
20120618,0,5.47,6.04,5.31,5.67,276900,1.89
20120615,0,5.15,5.51,5.15,5.4,67500,1.8
20120614,0,4.8,5.21,4.8,5.2,50400,1.73
20120613,0,4.75,5.24,4.75,4.79,53400,1.6
20120612,0,5.3,5.3,4.82,4.82,18600,1.61
20120611,0,5.35,5.4,4.66,5.35,153900,1.78
20120608,0,5.44,5.44,5.3,5.35,12900,1.78
20120607,0,5.75,5.8,5.3,5.5,42600,1.83
20120606,0,5.84,5.85,5.6,5.84,14400,1.95
20120605,0,5.89,5.9,5.65,5.9,26700,1.97
20120604,0,5.89,5.98,5.7,5.9,13500,1.97
20120601,0,5.99,6,5.71,5.87,17100,1.96
20120531,0,6.02,6.04,5.52,5.94,12600,1.98
20120530,0,6.08,6.15,5.71,5.93,19200,1.98
20120529,0,6.23,6.25,5.54,6.17,64500,2.06
20120525,0,6,6.3,6,6.13,104400,2.04
20120524,0,5.2,6.13,5.2,5.97,174900,1.99
20120523,0,4.9,5.25,4.63,5.17,60000,1.72
20120522,0,4.81,5.19,4.56,4.93,51000,1.64
20120521,0,5.2,5.71,4.5,4.7,212100,1.57
20120518,0,5.8,5.98,4.85,5.07,130500,1.69
20120517,0,5.7,6.13,5.39,5.75,117000,1.92
20120516,0,5.61,6.66,5.6,6.07,335700,2.02
20120515,0,5.82,6.1,5.55,5.8,72000,1.93
20120514,0,5.74,5.79,5.5,5.74,77700,1.91
20120511,0,6.11,6.34,5.53,5.82,54000,1.94
20120510,0,6.25,6.25,5.9,6.17,30000,2.06
20120509,0,6,6.07,5.74,5.99,84000,2
20120508,0,5.85,6.38,5.85,6.08,66000,2.03
20120507,0,6.43,6.6,5.72,5.86,120000,1.95
20120504,0,6.52,6.9,6.01,6.49,150900,2.16
20120503,0,6.45,6.88,6.26,6.57,446400,2.19
20120502,0,5.74,6.1,5.58,6.09,357900,2.03
20120501,0,5.54,6.16,5.38,5.8,321000,1.93
20120430,0,5.73,5.75,5.4,5.53,48000,1.84
20120427,0,5.95,5.95,5.45,5.5,54000,1.83
20120426,0,5.69,5.74,5.46,5.72,62700,1.91
20120425,0,5.99,6.1,5.33,5.63,250200,1.88
20120424,0,5.62,6.1,5.41,5.93,369600,1.98
20120423,0,5.69,5.95,5.29,5.65,395100,1.88
20120420,0,5,5.65,5,5.34,198900,1.78
20120419,0,4.93,5.35,4.9,5.07,219000,1.69
20120418,0,4.74,5.28,4.66,4.87,310500,1.62
20120417,0,5.44,5.44,4.64,4.79,171000,1.6
20120416,0,4.92,5.52,4.75,5.1,760800,1.7
20120413,0,4.55,4.68,4.19,4.5,165000,1.5
20120412,0,4.19,5.15,4.05,4.53,591600,1.51
20120411,0,4.36,4.55,4.12,4.26,76800,1.42
20120410,0,4.7,4.7,4.12,4.44,65100,1.48
20120409,0,4.81,4.81,4.32,4.53,39900,1.51
20120405,0,5.16,5.46,4.41,4.85,276600,1.62
20120404,0,4.11,5.95,4.11,4.94,1185900,1.65
20120403,0,4.2,4.5,3.87,4.12,114300,1.37
20120402,0,4.11,4.38,4.03,4.25,35400,1.42
20120330,0,4.37,4.62,4.15,4.15,21000,1.38
20120329,0,4.36,4.7,4.12,4.39,129600,1.46
20120328,0,4.4,4.4,4.4,4.4,9000,1.47
20120327,0,4.5,4.5,4.25,4.34,24000,1.45
20120326,0,4.5,4.64,4.27,4.45,34500,1.48
20120323,0,4.37,4.49,4.3,4.39,15300,1.46
20120322,0,4.31,4.64,4.31,4.49,32700,1.5
20120321,0,4.55,4.64,4.36,4.64,80100,1.55
20120320,0,4.5,4.63,4.25,4.5,46500,1.5
20120319,0,4.58,4.64,4.5,4.63,9600,1.54
20120316,0,4.65,4.66,4.6,4.61,10800,1.54
20120315,0,4.76,4.79,4.3,4.6,83700,1.53
20120314,0,4.98,4.99,4.8,4.88,36000,1.63
20120313,0,4.7,5.12,4.7,4.93,111600,1.64
20120312,0,4.55,4.86,4.21,4.66,55200,1.55
20120309,0,4.21,4.75,4.21,4.48,75600,1.49
20120308,0,4.16,4.26,3.96,4.23,28200,1.41
20120307,0,4.15,4.15,3.85,4.06,30000,1.35
20120306,0,4.01,4.24,3.85,3.97,69600,1.32
20120305,0,4.37,4.37,4.13,4.26,51600,1.42
20120302,0,4.29,4.38,4.09,4.19,44100,1.4
20120301,0,4.39,4.4,4.06,4.31,48900,1.44
20120229,0,4.52,4.67,4,4.19,103800,1.4
20120228,0,4.62,4.86,4.52,4.58,109800,1.53
20120227,0,4.7,4.95,4.41,4.69,82500,1.56
20120224,0,5.2,5.36,4.7,4.76,239400,1.59
20120223,0,5.26,5.26,4.9,5.25,186300,1.75
20120222,0,4.73,5.23,4.57,5.07,341400,1.69
20120221,0,5.27,5.3,4.66,4.73,260400,1.58
20120217,0,5.8,5.9,5.16,5.27,229200,1.76
20120216,0,6.15,6.15,5.61,5.78,325200,1.93
20120215,0,7.11,7.19,5.9,6.07,529800,2.02
20120214,0,6.58,6.75,6.06,6.29,202500,2.1
20120213,0,6.23,6.75,6.15,6.72,217500,2.24
20120210,0,6.12,6.64,6.11,6.27,210600,2.09
20120209,0,6.07,6.95,6.06,6.22,1076400,2.07
20120208,0,6.24,6.38,5.84,6.05,283800,2.02
20120207,0,5.63,6.6,5.61,6.18,893700,2.06
20120206,0,4.85,6.37,4.85,5.7,1303200,1.9
20120203,0,5.28,5.28,4.77,4.92,153600,1.64
20120202,0,5.55,5.82,4.65,5.18,758700,1.73
20120201,0,4.5,5.74,4.24,5.33,538800,1.78
20120131,0,4.54,4.7,4.12,4.38,91800,1.46
20120130,0,4.54,4.54,4.09,4.34,65400,1.45
20120127,0,4.39,4.75,3.75,4.4,552300,1.47
20120126,0,3.62,5.29,3.62,4.15,1154400,1.38
20120125,0,3.4,3.72,3.11,3.53,184200,1.18
20120124,0,3.51,3.54,3.26,3.48,146100,1.16
20120123,0,3.3,3.66,3.11,3.5,1064400,1.17
20120120,0,2.85,3.09,2.81,2.91,40800,0.97
20120119,0,3,3.05,2.85,2.91,67500,0.97
20120118,0,2.98,3.29,2.8,3,223200,1
20120117,0,3.07,3.07,2.8,2.94,70500,0.98
20120113,0,3.37,3.5,2.9,2.98,381000,0.99
20120112,0,2.95,3.93,2.75,3.38,1108800,1.13
20120111,0,2.71,2.94,2.71,2.86,36000,0.95
20120110,0,3.09,3.09,2.59,2.71,129300,0.9
20120109,0,2.76,3.19,2.74,3.09,162000,1.03
20120106,0,2.65,2.9,2.65,2.84,91800,0.95
20120105,0,2.9,2.94,2.65,2.65,153600,0.88
20120104,0,3.38,3.38,2.78,2.9,407400,0.97
20120103,0,3.95,3.98,3.19,3.39,229200,1.13
20111230,0,4.33,4.54,3.91,3.99,296400,1.33
20111229,0,4.19,4.52,3.46,4.38,884400,1.46
20111228,0,4,4,2.88,3.06,446400,1.02
20111227,0,4.18,4.5,3.8,4.15,46500,1.38
20111223,0,4.28,5,3.78,4,154200,1.33
20111222,0,4.87,5.01,4.05,4.2,230400,1.4
20111221,0,5.7,5.7,4.91,5,105000,1.67
20111220,0,5.8,5.8,4.76,5.25,344100,1.75
20111219,0,5.04,5.54,4.66,5.2,548700,1.73
20111216,0,5.71,6.85,4.6,5.09,1404000,1.7
20111215,0,5.99,7.37,5.41,6.37,2834400,2.12
20111214,0,5.37,6.47,4.43,5.67,3363300,1.89
20111213,0,1.33,6.39,1.32,5.6,3739500,1.87
20111212,0,1.42,1.45,1.32,1.45,6900,0.48
20111209,0,1.11,1.47,1.11,1.35,3300,0.45
20111208,0,1.41,1.47,1.25,1.25,5100,0.42
20111207,0,1.31,1.31,1.21,1.21,11100,0.4
20111206,0,1.88,1.88,1.4,1.4,30300,0.47
20111205,0,1.1,1.6,1.1,1.51,97500,0.5
20111202,0,1.03,1.6,1.03,1.1,3000,0.37
20111201,0,1.23,1.26,1.02,1.25,7500,0.42
20111130,0,1.51,1.51,1.5,1.5,900,0.5
20111129,0,1.6,1.6,1.6,1.6,0,0.53
20111128,0,1.61,1.61,1.18,1.6,10200,0.53
20111125,0,1.6,1.6,1.6,1.6,0,0.53
20111123,0,1.6,1.6,1.6,1.6,0,0.53
20111122,0,1.6,1.6,1.6,1.6,0,0.53
20111121,0,1.6,1.6,1.6,1.6,0,0.53
20111118,0,1.6,1.6,1.6,1.6,0,0.53
20111117,0,1.65,1.65,1.6,1.6,1500,0.53
20111116,0,1.62,1.62,1.62,1.62,0,0.54
20111115,0,1.62,1.62,1.62,1.62,0,0.54
20111114,0,1.62,1.62,1.62,1.62,0,0.54
20111111,0,1.62,1.62,1.62,1.62,0,0.54
20111110,0,1.62,1.62,1.62,1.62,0,0.54
20111109,0,1.62,1.62,1.62,1.62,0,0.54
20111108,0,1.62,1.62,1.62,1.62,0,0.54
20111107,0,1.62,1.62,1.62,1.62,1200,0.54
20111104,0,1.62,2.1,1.61,1.7,2700,0.57
20111103,0,1.75,2.17,1.64,1.7,6300,0.57
20111102,0,1.65,1.66,1.65,1.65,5400,0.55
20111101,0,1.64,1.68,1.61,1.61,1800,0.54
20111031,0,1.9,1.92,1.56,1.92,4500,0.64
20111028,0,1.78,1.78,1.78,1.78,900,0.59
20111027,0,1.79,1.79,1.78,1.78,1800,0.59
20111026,0,1.77,1.85,1.77,1.85,10200,0.62
20111025,0,1.72,1.78,1.68,1.68,8700,0.56
20111024,0,1.56,1.58,1.56,1.58,6300,0.53
20111021,0,1.74,1.74,1.74,1.74,600,0.58
20111020,0,1.78,1.78,1.78,1.78,0,0.59
20111019,0,1.78,1.78,1.78,1.78,0,0.59
20111018,0,1.78,1.78,1.78,1.78,0,0.59
20111017,0,1.78,1.78,1.78,1.78,0,0.59
20111014,0,1.76,1.78,1.75,1.78,22500,0.59
20111013,0,1.77,1.77,1.73,1.73,1500,0.58
20111012,0,1.66,1.66,1.66,1.66,0,0.55
20111011,0,1.65,1.73,1.5,1.66,3300,0.55
20111010,0,1.85,1.85,1.55,1.74,9600,0.58
20111007,0,1.75,1.76,1.51,1.51,900,0.5
20111006,0,1.83,1.85,1.36,1.47,4200,0.49
20111005,0,1.46,1.56,1.46,1.56,3300,0.52
20111004,0,1.4,1.4,1.4,1.4,900,0.47
20111003,0,1.6,1.6,1.5,1.5,4500,0.5
20110930,0,1.61,1.66,1.6,1.6,4800,0.53
20110929,0,1.65,1.65,1.5,1.5,7500,0.5
20110928,0,1.7,1.7,1.7,1.7,0,0.57
20110927,0,1.7,1.7,1.7,1.7,5400,0.57
20110926,0,1.65,1.65,1.58,1.65,1800,0.55
20110923,0,1.65,2.23,1.65,1.7,4200,0.57
20110922,0,1.73,1.73,1.7,1.7,9300,0.57
20110921,0,1.75,1.75,1.75,1.75,300,0.58
20110920,0,1.71,2.33,1.7,1.7,12300,0.57
20110919,0,2.3,2.3,1.7,1.84,1500,0.61
20110916,0,1.71,1.71,1.69,1.69,2100,0.56
20110915,0,1.68,1.68,1.68,1.68,0,0.56
20110914,0,1.89,1.89,1.68,1.68,1200,0.56
20110913,0,1.9,1.9,1.9,1.9,0,0.63
20110912,0,1.9,1.9,1.9,1.9,0,0.63
20110909,0,1.93,1.93,1.9,1.9,3000,0.63
20110908,0,2.22,2.22,2.1,2.1,1800,0.7
20110907,0,2,2.49,1.89,2.1,9300,0.7
20110906,0,1.65,2,1.65,1.89,4200,0.63
20110902,0,1.69,1.69,1.69,1.69,600,0.56
20110901,0,1.67,1.67,1.67,1.67,0,0.56
20110831,0,1.67,1.67,1.67,1.67,600,0.56
20110830,0,1.74,1.74,1.74,1.74,1800,0.58
20110829,0,1.65,1.65,1.65,1.65,0,0.55
20110826,0,1.79,1.79,1.52,1.65,2100,0.55
20110825,0,1.65,1.67,1.65,1.67,1200,0.56
20110824,0,1.85,1.85,1.65,1.68,4500,0.56
20110823,0,2.08,2.08,2.08,2.08,0,0.69
20110822,0,2.08,2.08,2.08,2.08,0,0.69
20110819,0,2.25,2.33,1.76,2.08,8100,0.69
20110818,0,2.02,2.25,2.02,2.25,1500,0.75
20110817,0,2.22,2.22,2.15,2.15,1200,0.72
20110816,0,2.08,2.25,1.81,2.14,2400,0.71
20110815,0,2.05,2.27,2.03,2.03,5400,0.68
20110812,0,2.43,2.43,2.18,2.18,3600,0.73
20110811,0,2.5,2.5,2.33,2.43,5700,0.81
20110810,0,1.83,2.37,1.71,2.14,15300,0.71
20110809,0,1.99,1.99,1.78,1.78,3600,0.59
20110808,0,2.01,2.01,1.78,1.78,5100,0.59
20110805,0,2.13,2.13,2.07,2.1,3000,0.7
20110804,0,2.17,2.17,2.13,2.13,2700,0.71
20110803,0,2.43,2.43,2.13,2.13,6900,0.71
20110802,0,2.44,2.44,2.2,2.25,6000,0.75
20110801,0,2.25,2.4,2.25,2.35,7500,0.78
20110729,0,2.74,2.74,2.38,2.44,10800,0.81
20110728,0,2.6,2.6,2.5,2.53,3900,0.84
20110727,0,2.6,2.78,2.4,2.51,37800,0.84
20110726,0,2.65,3.31,2.64,2.81,78600,0.94
20110725,0,2.75,2.75,2.46,2.6,56400,0.87
20110722,0,3.1,3.1,3.1,3.1,900,1.03
20110721,0,3.2,3.2,2.85,3.08,8400,1.03
20110720,0,3,3.21,3,3.1,2700,1.03
20110719,0,3.02,3.16,2.87,3.13,12900,1.04
20110718,0,3.23,3.23,3.13,3.13,900,1.04
20110715,0,2.81,2.81,2.81,2.81,1200,0.94
20110714,0,2.78,2.84,2.75,2.84,26400,0.95
20110713,0,2.89,2.89,2.73,2.78,19500,0.93
20110712,0,2.98,2.98,2.9,2.9,9000,0.97
20110711,0,3.16,3.16,3.13,3.13,2100,1.04
20110708,0,3.28,3.28,3.13,3.2,12300,1.07
20110707,0,3.36,3.36,2.94,3.1,9000,1.03
20110706,0,2.92,3.4,2.92,3.4,1800,1.13
20110705,0,2.92,2.98,2.92,2.98,3600,0.99
20110701,0,2.9,3.14,2.9,2.91,15900,0.97
20110630,0,3.21,3.4,2.95,3.16,42000,1.05
20110629,0,2.98,3.63,2.98,3.26,52800,1.09
20110628,0,3.03,3.05,2.72,2.76,4500,0.92
20110627,0,2.89,3.07,2.75,2.75,17700,0.92
20110624,0,2.89,3.09,2.89,3,4500,1
20110623,0,3.15,3.15,2.73,2.91,2400,0.97
20110622,0,3.09,3.09,2.73,3.05,31200,1.02
20110621,0,3.14,3.15,3.02,3.06,15300,1.02
20110620,0,3.4,3.47,3.25,3.25,18600,1.08
20110617,0,3.57,4.13,3.2,3.41,54000,1.14
20110616,0,4.4,4.45,3.44,3.58,75000,1.19
20110615,0,2.72,4.72,2.72,4.34,535500,1.45
20110614,0,3.05,3.12,2.46,2.75,12300,0.92
20110613,0,2.81,3.03,2.81,2.9,2400,0.97
20110610,0,2.74,3.01,2.68,3.01,10800,1
20110609,0,3.15,3.15,3,3.03,3900,1.01
20110608,0,3.33,3.33,3.33,3.33,0,1.11
20110607,0,3.23,3.33,3.23,3.33,900,1.11
20110606,0,3.59,3.65,3.38,3.38,4800,1.13
20110603,0,3.62,3.66,3.62,3.66,3600,1.22
20110602,0,3.8,3.8,3.8,3.8,0,1.27
20110601,0,3.67,3.8,3.67,3.8,3300,1.27
20110531,0,3.68,3.68,3.68,3.68,0,1.23
20110527,0,3.82,3.95,3.68,3.68,14700,1.23
20110526,0,3.93,3.99,3.67,3.78,7500,1.26
20110525,0,3.74,3.74,3.71,3.72,2400,1.24
20110524,0,3.71,3.95,3.69,3.95,2100,1.32
20110523,0,4.12,4.12,4.05,4.09,2700,1.36
20110520,0,3.97,3.97,3.97,3.97,0,1.32
20110519,0,4,4.1,3.97,3.97,3600,1.32
20110518,0,4.08,4.12,4.02,4.02,1200,1.34
20110517,0,3.8,3.81,3.75,3.79,13500,1.26
20110516,0,3.75,3.95,3.75,3.79,3900,1.26
20110513,0,3.75,3.75,3.75,3.75,0,1.25
20110512,0,3.78,3.78,3.75,3.75,1800,1.25
20110511,0,3.87,3.87,3.75,3.8,18600,1.27
20110510,0,3.85,4,3.85,4,2400,1.33
20110509,0,4.12,4.15,4.12,4.15,3300,1.38
20110506,0,3.85,4.2,3.85,4.2,18900,1.4
20110505,0,3.75,4.27,3.75,3.77,25800,1.26
20110504,0,3.81,3.81,3.77,3.77,13800,1.26
20110503,0,4,4,3.8,3.8,7500,1.27
20110502,0,4.01,4.01,3.75,3.85,15300,1.28
20110429,0,4.11,4.11,4.11,4.11,300,1.37
20110428,0,4.16,4.6,4.02,4.11,14700,1.37
20110427,0,4.03,4.45,4.03,4.15,5100,1.38
20110426,0,4.22,4.5,4.1,4.15,36600,1.38
20110425,0,4.13,4.28,4,4,5700,1.33
20110421,0,3.95,4,3.95,4,1800,1.33
20110420,0,3.95,3.99,3.85,3.85,4800,1.28
20110419,0,3.63,3.97,3.63,3.63,12000,1.21
20110418,0,3.87,3.91,3.62,3.67,8100,1.22
20110415,0,3.7,3.72,3.62,3.69,7200,1.23
20110414,0,3.75,3.75,3.75,3.75,7500,1.25
20110413,0,3.89,3.89,3.76,3.76,3300,1.25
20110412,0,4.28,4.29,4,4,12600,1.33
20110411,0,3.85,4.4,3.85,4.1,18300,1.37
20110408,0,3.95,3.95,3.95,3.95,300,1.32
20110407,0,3.97,3.97,3.62,3.67,2700,1.22
20110406,0,3.67,3.67,3.67,3.67,0,1.22
20110405,0,3.71,3.71,3.67,3.67,3600,1.22
20110404,0,3.69,3.69,3.69,3.69,300,1.23
20110401,0,3.74,3.74,3.74,3.74,0,1.25
20110331,0,3.74,3.74,3.74,3.74,0,1.25
20110330,0,3.64,3.74,3.64,3.74,1800,1.25
20110329,0,3.9,3.92,3.9,3.9,4200,1.3
20110328,0,3.63,3.85,3.58,3.71,18600,1.24
20110325,0,3.63,3.79,3.63,3.64,3900,1.21
20110324,0,3.77,3.79,3.72,3.72,5100,1.24
20110323,0,3.67,3.67,3.63,3.63,3900,1.21
20110322,0,3.8,3.85,3.8,3.8,6300,1.27
20110321,0,3.85,3.85,3.78,3.78,10800,1.26
20110318,0,4.08,4.1,4.05,4.05,8400,1.35
20110317,0,4.08,4.4,4.08,4.4,6900,1.47
20110316,0,4.1,4.1,4.08,4.08,1800,1.36
20110315,0,4.6,4.6,4.15,4.59,3000,1.53
20110314,0,4.7,4.7,4.7,4.7,600,1.57
20110311,0,4.38,4.45,4.38,4.45,6600,1.48
20110310,0,4.16,4.54,3.75,4.43,20400,1.48
20110309,0,4.77,4.8,4.6,4.68,12900,1.56
20110308,0,4.55,4.65,4.55,4.61,18300,1.54
20110307,0,4.25,4.7,4.25,4.51,9900,1.5
20110304,0,3.96,4.45,3.96,4.12,10200,1.37
20110303,0,3.75,4.96,3.75,3.95,108300,1.32
20110302,0,4.28,4.28,3.51,3.57,37200,1.19
20110301,0,4.8,4.8,4.39,4.39,9600,1.46
20110228,0,4.9,4.95,4.8,4.8,6600,1.6
20110225,0,4.61,4.93,4.61,4.9,4200,1.63
20110224,0,4.75,4.75,4.6,4.6,8400,1.53
20110223,0,4.88,4.9,4.88,4.9,1500,1.63
20110222,0,4.91,4.91,4.9,4.9,3300,1.63
20110218,0,5.05,5.05,4.85,5,15000,1.67
20110217,0,5.06,5.06,5.06,5.06,300,1.69
20110216,0,5.06,5.06,5.06,5.06,300,1.69
20110215,0,5.4,5.4,5.4,5.4,1500,1.8
20110214,0,5.38,5.67,5,5.16,5700,1.72
20110211,0,5.45,5.45,5,5,4800,1.67
20110210,0,5.52,5.52,5.07,5.07,5100,1.69
20110209,0,5.7,5.79,5.05,5.05,20100,1.68
20110208,0,4.99,5.56,4.98,5.41,35400,1.8
20110207,0,4.88,4.99,4.82,4.98,15900,1.66
20110204,0,5.5,5.5,4.5,4.71,71100,1.57
20110203,0,5.51,5.51,5.51,5.51,600,1.84
20110202,0,5.5,5.5,5.5,5.5,1200,1.83
20110201,0,5.71,5.71,5.5,5.51,11100,1.84
20110131,0,5.7,5.95,5.56,5.76,5400,1.92
20110128,0,6,6,5.83,5.83,9000,1.94
20110127,0,6.02,6.02,6.01,6.01,1500,2
20110126,0,6.02,6.02,6.01,6.01,1500,2
20110125,0,6.05,6.05,5.94,5.94,3000,1.98
20110124,0,6.21,6.21,6.18,6.19,3300,2.06
20110121,0,6.23,6.23,6.23,6.23,900,2.08
20110120,0,6.45,6.5,6.45,6.45,4800,2.15
20110119,0,6.72,6.72,6.27,6.38,5400,2.13
20110118,0,6.71,6.71,6.71,6.71,900,2.24
20110114,0,6.73,6.73,6.4,6.64,22800,2.21
20110113,0,6.67,7.19,6.65,6.76,29700,2.25
20110112,0,6.9,7,6.8,6.8,31500,2.27
20110111,0,6.48,6.97,6.48,6.61,17400,2.2
20110110,0,6.25,6.95,6.25,6.63,27000,2.21
20110107,0,6.26,6.48,6.1,6.2,8100,2.07
20110106,0,6.4,6.4,6.15,6.26,12300,2.09
20110105,0,6.31,6.74,6.1,6.51,15900,2.17
20110104,0,6.65,6.65,6.41,6.51,9300,2.17
20110103,0,6.82,6.82,6.62,6.62,8400,2.21
20101231,0,7.14,7.15,6.61,6.82,19500,2.27
20101230,0,6.8,6.8,6.65,6.7,15600,2.23
20101229,0,7.11,7.21,6.95,6.96,23400,2.32
20101228,0,6.6,7.19,6.53,7.18,30900,2.39
20101227,0,6.65,7.12,6.57,6.75,11700,2.25
20101223,0,6.63,7.38,6.61,6.89,12900,2.3
20101222,0,6.75,6.97,6.6,6.63,10500,2.21
20101221,0,7.37,7.49,6.89,6.89,30600,2.3
20101220,0,7.25,7.25,7.07,7.07,24600,2.36
20101217,0,7.41,7.41,7.05,7.39,7500,2.46
20101216,0,7.06,7.36,6.81,7.12,19800,2.37
20101215,0,7.63,7.63,7,7.15,11700,2.38
20101214,0,7.62,7.62,7.3,7.35,29400,2.45
20101213,0,8.49,8.69,7.6,7.6,59400,2.53
20101210,0,8.39,8.75,7.5,8.5,109800,2.83
20101209,0,7.57,8.1,7.56,7.89,41700,2.63
20101208,0,8.01,8.26,7.11,7.58,40200,2.53
20101207,0,8.94,8.94,7.73,7.85,32400,2.62
20101206,0,8.9,9,8.15,8.67,97200,2.89
20101203,0,8.29,8.81,7.7,8.79,136500,2.93
20101202,0,7.05,9.2,7,8.47,428100,2.82
20101201,0,6.51,7.17,6.4,6.96,81000,2.32
20101130,0,7.17,7.75,6.43,6.67,84000,2.22
20101129,0,7.3,7.4,6.95,7.07,6000,2.36
20101126,0,7.3,7.3,7.01,7.3,7200,2.43
20101124,0,6.77,7.15,6.4,7.15,13500,2.38
20101123,0,6.95,6.95,6.5,6.69,13200,2.23
20101122,0,7.19,7.2,6.6,6.85,28200,2.28
20101119,0,7.51,7.51,6.71,6.99,57600,2.33
20101118,0,7.43,8.6,6.69,7.6,379800,2.53
20101117,0,6.31,7.35,6.17,6.95,183300,2.32
20101116,0,5.99,6.43,5.7,5.85,26700,1.95
20101115,0,5.7,5.99,5.67,5.68,13200,1.89
20101112,0,5.97,5.97,5.53,5.75,26700,1.92
20101111,0,6.21,6.56,5.95,5.95,27600,1.98
20101110,0,6.33,6.84,6.23,6.33,14700,2.11
20101109,0,7.24,7.24,6.29,6.42,34500,2.14
20101108,0,7.11,7.24,6.68,6.72,77100,2.24
20101105,0,6.2,8.1,5.76,6.81,547500,2.27
20101104,0,6.2,6.42,6.2,6.26,25200,2.09
20101103,0,6.53,6.98,6.2,6.46,66300,2.15
20101102,0,6.25,7,6.15,6.65,139800,2.22
20101101,0,7.73,7.73,6.6,6.69,122100,2.23
20101029,0,8.08,8.75,7.72,7.79,54900,2.6
20101028,0,8.75,9.29,8.21,8.21,210300,2.74
20101027,0,9.59,10.19,8.51,8.9,400800,2.97
20101026,0,9.54,12.45,8.3,9.19,1046100,3.06
20101025,0,9.6,10.87,9.2,9.4,284700,3.13
20101022,0,13.68,14,9,9.89,809400,3.3
20101021,0,4.79,22.25,4.56,14,621000,4.67
20101020,0,4.41,4.42,4.41,4.42,1800,1.47
20101019,0,4.5,4.69,4.39,4.42,4500,1.47
20101018,0,4.41,4.8,4.27,4.7,3300,1.57
20101015,0,4.81,5.51,4.33,4.5,60300,1.5
20101014,0,4.61,5.5,4.39,4.75,40800,1.58
20101013,0,4.96,5,4.61,4.61,15900,1.54
20101012,0,4.96,5,4.96,4.96,1200,1.65
20101011,0,5.22,5.48,5.14,5.48,2400,1.83
20101008,0,5.25,5.25,5.25,5.25,0,1.75
20101007,0,5.5,5.5,5,5.25,8100,1.75
20101006,0,4.49,5.23,4.49,5.23,31500,1.74
20101005,0,4.51,4.51,4.42,4.5,3600,1.5
20101004,0,4.75,4.75,4.75,4.75,0,1.58
20101001,0,4.99,5.2,4.5,4.75,3000,1.58
20100930,0,4.94,4.94,4.94,4.94,0,1.65
20100929,0,4.99,5,4.94,4.94,3600,1.65
20100928,0,4.5,4.5,4.5,4.5,0,1.5
20100927,0,4.9,4.9,4.45,4.5,4200,1.5
20100924,0,4.51,5,4.45,4.9,6300,1.63
20100923,0,4.75,4.75,4.75,4.75,2400,1.58
20100922,0,4.7,4.7,4.7,4.7,0,1.57
20100921,0,4.66,4.7,4.66,4.7,1200,1.57
20100920,0,4.5,4.5,4.5,4.5,1200,1.5
20100917,0,5.75,5.75,4.51,4.97,7800,1.66
20100916,0,4.5,6,4.5,4.55,13500,1.52
20100915,0,4.5,4.55,4.5,4.5,4200,1.5
20100914,0,4.5,4.65,4.5,4.5,4800,1.5
20100913,0,4.1,6,4.1,4.6,7500,1.53
20100910,0,5.46,6.19,5.2,5.74,33300,1.91
20100909,0,3.8,7.41,3.8,4.52,15600,1.51
20100908,0,3.7,3.7,3.7,3.7,0,1.23
20100907,0,3.7,3.7,3.7,3.7,0,1.23
20100903,0,0.38,0.4,0.37,0.37,1800,1.23
20100902,0,0.38,0.38,0.38,0.38,3000,1.27
20100901,0,0.38,0.38,0.37,0.37,600,1.23
20100831,0,0.38,0.38,0.38,0.38,1200,1.27
20100830,0,0.37,0.37,0.37,0.37,0,1.23
20100827,0,0.37,0.37,0.37,0.37,300,1.23
20100826,0,0.37,0.37,0.37,0.37,0,1.23
20100825,0,0.44,0.44,0.37,0.37,300,1.23
20100824,0,0.44,0.44,0.44,0.44,0,1.47
20100823,0,0.37,0.44,0.37,0.44,1500,1.47
20100820,0,0.44,0.44,0.44,0.44,1500,1.47
20100819,0,0.41,0.43,0.41,0.43,1500,1.43
20100818,0,0.4,0.4,0.4,0.4,0,1.33
20100817,0,0.37,0.37,0.37,0.37,0,1.23
20100816,0,0.37,0.37,0.37,0.37,0,1.23
20100813,0,0.37,0.37,0.37,0.37,300,1.23
20100812,0,0.42,0.42,0.42,0.42,0,1.4
20100811,0,0.42,0.42,0.42,0.42,300,1.4
20100810,0,0.42,0.42,0.42,0.42,0,1.4
20100809,0,0.51,0.51,0.39,0.42,2700,1.4
20100806,0,0.36,0.36,0.36,0.36,0,1.2
20100805,0,0.4,0.4,0.35,0.35,600,1.17
20100804,0,0.45,0.45,0.41,0.41,1800,1.37
20100803,0,0.5,0.5,0.45,0.45,0,1.5
20100802,0,0.43,0.51,0.33,0.51,1500,1.7
20100730,0,0.43,0.43,0.43,0.43,0,1.43
20100729,0,0.46,0.46,0.46,0.46,0,1.53
20100728,0,0.46,0.46,0.46,0.46,0,1.53
20100727,0,0.46,0.46,0.46,0.46,0,1.53
20100726,0,0.46,0.46,0.46,0.46,0,1.53
20100723,0,0.46,0.46,0.46,0.46,1200,1.53
20100722,0,0.46,0.46,0.46,0.46,0,1.53
20100721,0,0.46,0.46,0.46,0.46,0,1.53
20100720,0,0.46,0.46,0.46,0.46,900,1.53
20100719,0,0.5,0.5,0.44,0.44,300,1.47
20100716,0,0.45,0.45,0.45,0.45,300,1.5
20100715,0,0.5,0.5,0.5,0.5,0,1.67
20100714,0,0.5,0.5,0.5,0.5,0,1.67
20100713,0,0.5,0.5,0.5,0.5,300,1.67
20100712,0,0.5,0.5,0.5,0.5,0,1.67
20100709,0,0.5,0.51,0.5,0.5,4500,1.67
20100708,0,0.53,0.53,0.53,0.53,3000,1.77
20100707,0,0.53,0.53,0.53,0.53,0,1.77
20100706,0,0.57,0.57,0.53,0.53,600,1.77
20100702,0,0.53,0.54,0.53,0.54,300,1.8
20100701,0,0.52,0.52,0.52,0.52,0,1.73
20100630,0,0.52,0.52,0.52,0.52,0,1.73
20100629,0,0.51,0.59,0.5,0.52,1800,1.73
20100628,0,0.51,0.53,0.51,0.53,3000,1.77
20100625,0,0.55,0.55,0.53,0.53,900,1.77
20100624,0,0.56,0.6,0.56,0.6,6000,2
20100623,0,0.53,0.53,0.53,0.53,0,1.77
20100622,0,0.54,0.54,0.53,0.53,0,1.77
20100621,0,0.53,0.53,0.53,0.53,300,1.77
20100618,0,0.52,0.57,0.52,0.57,4200,1.9
20100617,0,0.6,0.6,0.6,0.6,2700,2
20100616,0,0.58,0.6,0.58,0.6,2700,2
20100615,0,0.52,0.52,0.52,0.52,0,1.73
20100614,0,0.52,0.52,0.52,0.52,0,1.73
20100611,0,0.52,0.52,0.52,0.52,0,1.73
20100610,0,0.56,0.56,0.56,0.56,300,1.87
20100609,0,0.52,0.52,0.52,0.52,0,1.73
20100608,0,0.52,0.52,0.52,0.52,0,1.73
20100607,0,0.58,0.58,0.51,0.52,900,1.73
20100604,0,0.53,0.53,0.53,0.53,0,1.77
20100603,0,0.58,0.58,0.58,0.58,600,1.93
20100602,0,0.58,0.58,0.51,0.53,5100,1.77
20100601,0,0.6,0.6,0.6,0.6,0,2
20100528,0,0.6,0.6,0.6,0.6,0,2
20100527,0,0.6,0.6,0.6,0.6,0,2
20100526,0,0.6,0.6,0.6,0.6,1800,2
20100525,0,0.52,0.61,0.52,0.61,600,2.03
20100524,0,0.58,0.58,0.58,0.58,1200,1.93
20100521,0,0.58,0.58,0.58,0.58,1500,1.93
20100520,0,0.58,0.58,0.58,0.58,0,1.93
20100519,0,0.64,0.64,0.56,0.58,6300,1.93
20100518,0,0.6,0.6,0.6,0.6,600,2
20100517,0,0.65,0.65,0.65,0.65,900,2.17
20100514,0,0.63,0.63,0.63,0.63,300,2.1
20100513,0,0.6,0.62,0.6,0.62,3000,2.07
20100512,0,0.58,0.58,0.58,0.58,300,1.93
20100511,0,0.6,0.6,0.59,0.59,2100,1.97
20100510,0,0.59,0.63,0.59,0.6,4200,2
20100507,0,0.59,0.59,0.53,0.58,9600,1.93
20100506,0,0.7,0.7,0.6,0.67,6900,2.23
